Trial-ID,Status,Iteration,alpha,learning_rate,max_depth,Objective
1,INTERMEDIATE,0,3.0,0.08119555416826824,169.0,0.9886838045998022
1,INTERMEDIATE,1,3.0,0.08119555416826824,169.0,0.9886838045998022
1,INTERMEDIATE,2,3.0,0.08119555416826824,169.0,0.9886838045998022
1,INTERMEDIATE,3,3.0,0.08119555416826824,169.0,0.9886838045998022
1,INTERMEDIATE,4,3.0,0.08119555416826824,169.0,0.9886838045998022
1,INTERMEDIATE,5,3.0,0.08119555416826824,169.0,0.9886838045998022
1,INTERMEDIATE,6,3.0,0.08119555416826824,169.0,0.9886838045998022
1,INTERMEDIATE,7,3.0,0.08119555416826824,169.0,0.9886838045998022
1,INTERMEDIATE,8,3.0,0.08119555416826824,169.0,0.9886838045998022
1,INTERMEDIATE,9,3.0,0.08119555416826824,169.0,0.9886838045998022
1,INTERMEDIATE,10,3.0,0.08119555416826824,169.0,0.9886838045998022
1,INTERMEDIATE,11,3.0,0.08119555416826824,169.0,0.9886838045998022
1,INTERMEDIATE,12,3.0,0.08119555416826824,169.0,0.9886838045998022
1,INTERMEDIATE,13,3.0,0.08119555416826824,169.0,0.9886838045998022
1,INTERMEDIATE,14,3.0,0.08119555416826824,169.0,0.9886838045998022
1,COMPLETED,14,3.0,0.08119555416826824,169.0,0.9886838045998022
2,INTERMEDIATE,0,178.0,0.3391128499709604,198.0,0.979767135101778
2,INTERMEDIATE,1,178.0,0.3391128499709604,198.0,0.979767135101778
2,INTERMEDIATE,2,178.0,0.3391128499709604,198.0,0.979767135101778
2,INTERMEDIATE,3,178.0,0.3391128499709604,198.0,0.979767135101778
2,INTERMEDIATE,4,178.0,0.3391128499709604,198.0,0.979767135101778
2,INTERMEDIATE,5,178.0,0.3391128499709604,198.0,0.979767135101778
2,INTERMEDIATE,6,178.0,0.3391128499709604,198.0,0.979767135101778
2,INTERMEDIATE,7,178.0,0.3391128499709604,198.0,0.979767135101778
2,INTERMEDIATE,8,178.0,0.3391128499709604,198.0,0.979767135101778
2,INTERMEDIATE,9,178.0,0.3391128499709604,198.0,0.979767135101778
2,INTERMEDIATE,10,178.0,0.3391128499709604,198.0,0.979767135101778
2,INTERMEDIATE,11,178.0,0.3391128499709604,198.0,0.979767135101778
2,INTERMEDIATE,12,178.0,0.3391128499709604,198.0,0.979767135101778
2,INTERMEDIATE,13,178.0,0.3391128499709604,198.0,0.979767135101778
2,INTERMEDIATE,14,178.0,0.3391128499709604,198.0,0.979767135101778
2,COMPLETED,14,178.0,0.3391128499709604,198.0,0.979767135101778
3,INTERMEDIATE,0,97.0,0.776787710752326,96.0,0.9852102682320604
3,INTERMEDIATE,1,97.0,0.776787710752326,96.0,0.9852102682320604
3,INTERMEDIATE,2,97.0,0.776787710752326,96.0,0.9852102682320604
3,INTERMEDIATE,3,97.0,0.776787710752326,96.0,0.9852102682320604
3,INTERMEDIATE,4,97.0,0.776787710752326,96.0,0.9852102682320604
3,INTERMEDIATE,5,97.0,0.776787710752326,96.0,0.9852102682320604
3,INTERMEDIATE,6,97.0,0.776787710752326,96.0,0.9852102682320604
3,INTERMEDIATE,7,97.0,0.776787710752326,96.0,0.9852102682320604
3,INTERMEDIATE,8,97.0,0.776787710752326,96.0,0.9852102682320604
3,INTERMEDIATE,9,97.0,0.776787710752326,96.0,0.9852102682320604
3,INTERMEDIATE,10,97.0,0.776787710752326,96.0,0.9852102682320604
3,INTERMEDIATE,11,97.0,0.776787710752326,96.0,0.9852102682320604
3,INTERMEDIATE,12,97.0,0.776787710752326,96.0,0.9852102682320604
3,INTERMEDIATE,13,97.0,0.776787710752326,96.0,0.9852102682320604
3,INTERMEDIATE,14,97.0,0.776787710752326,96.0,0.9852102682320604
3,COMPLETED,14,97.0,0.776787710752326,96.0,0.9852102682320604
4,INTERMEDIATE,0,41.0,0.8794903902015611,202.0,0.9897347154263585
4,INTERMEDIATE,1,41.0,0.8794903902015611,202.0,0.9897347154263585
4,INTERMEDIATE,2,41.0,0.8794903902015611,202.0,0.9897347154263585
4,INTERMEDIATE,3,41.0,0.8794903902015611,202.0,0.9897347154263585
4,INTERMEDIATE,4,41.0,0.8794903902015611,202.0,0.9897347154263585
4,INTERMEDIATE,5,41.0,0.8794903902015611,202.0,0.9897347154263585
4,INTERMEDIATE,6,41.0,0.8794903902015611,202.0,0.9897347154263585
4,INTERMEDIATE,7,41.0,0.8794903902015611,202.0,0.9897347154263585
4,INTERMEDIATE,8,41.0,0.8794903902015611,202.0,0.9897347154263585
4,INTERMEDIATE,9,41.0,0.8794903902015611,202.0,0.9897347154263585
4,INTERMEDIATE,10,41.0,0.8794903902015611,202.0,0.9897347154263585
4,INTERMEDIATE,11,41.0,0.8794903902015611,202.0,0.9897347154263585
4,INTERMEDIATE,12,41.0,0.8794903902015611,202.0,0.9897347154263585
4,INTERMEDIATE,13,41.0,0.8794903902015611,202.0,0.9897347154263585
4,INTERMEDIATE,14,41.0,0.8794903902015611,202.0,0.9897347154263585
4,COMPLETED,14,41.0,0.8794903902015611,202.0,0.9897347154263585
5,INTERMEDIATE,0,41.0,0.8995536307218491,203.0,0.9895832304369253
5,INTERMEDIATE,1,41.0,0.8995536307218491,203.0,0.9895832304369253
5,INTERMEDIATE,2,41.0,0.8995536307218491,203.0,0.9895832304369253
5,INTERMEDIATE,3,41.0,0.8995536307218491,203.0,0.9895832304369253
5,INTERMEDIATE,4,41.0,0.8995536307218491,203.0,0.9895832304369253
5,INTERMEDIATE,5,41.0,0.8995536307218491,203.0,0.9895832304369253
5,INTERMEDIATE,6,41.0,0.8995536307218491,203.0,0.9895832304369253
5,INTERMEDIATE,7,41.0,0.8995536307218491,203.0,0.9895832304369253
5,INTERMEDIATE,8,41.0,0.8995536307218491,203.0,0.9895832304369253
5,INTERMEDIATE,9,41.0,0.8995536307218491,203.0,0.9895832304369253
5,INTERMEDIATE,10,41.0,0.8995536307218491,203.0,0.9895832304369253
5,INTERMEDIATE,11,41.0,0.8995536307218491,203.0,0.9895832304369253
5,INTERMEDIATE,12,41.0,0.8995536307218491,203.0,0.9895832304369253
5,INTERMEDIATE,13,41.0,0.8995536307218491,203.0,0.9895832304369253
5,INTERMEDIATE,14,41.0,0.8995536307218491,203.0,0.9895832304369253
5,COMPLETED,14,41.0,0.8995536307218491,203.0,0.9895832304369253
6,INTERMEDIATE,0,47.0,0.01,172.0,0.9633196858912035
6,INTERMEDIATE,1,47.0,0.01,172.0,0.9633196858912035
6,INTERMEDIATE,2,47.0,0.01,172.0,0.9633196858912035
6,INTERMEDIATE,3,47.0,0.01,172.0,0.9633196858912035
6,INTERMEDIATE,4,47.0,0.01,172.0,0.9633196858912035
6,INTERMEDIATE,5,47.0,0.01,172.0,0.9633196858912035
6,INTERMEDIATE,6,47.0,0.01,172.0,0.9633196858912035
6,INTERMEDIATE,7,47.0,0.01,172.0,0.9633196858912035
6,INTERMEDIATE,8,47.0,0.01,172.0,0.9633196858912035
6,INTERMEDIATE,9,47.0,0.01,172.0,0.9633196858912035
6,INTERMEDIATE,10,47.0,0.01,172.0,0.9633196858912035
6,INTERMEDIATE,11,47.0,0.01,172.0,0.9633196858912035
6,INTERMEDIATE,12,47.0,0.01,172.0,0.9633196858912035
6,INTERMEDIATE,13,47.0,0.01,172.0,0.9633196858912035
6,INTERMEDIATE,14,47.0,0.01,172.0,0.9633196858912035
6,COMPLETED,14,47.0,0.01,172.0,0.9633196858912035
7,INTERMEDIATE,0,29.0,1.0,201.0,0.9907337428259075
7,INTERMEDIATE,1,29.0,1.0,201.0,0.9907337428259075
7,INTERMEDIATE,2,29.0,1.0,201.0,0.9907337428259075
7,INTERMEDIATE,3,29.0,1.0,201.0,0.9907337428259075
7,INTERMEDIATE,4,29.0,1.0,201.0,0.9907337428259075
7,INTERMEDIATE,5,29.0,1.0,201.0,0.9907337428259075
7,INTERMEDIATE,6,29.0,1.0,201.0,0.9907337428259075
7,INTERMEDIATE,7,29.0,1.0,201.0,0.9907337428259075
7,INTERMEDIATE,8,29.0,1.0,201.0,0.9907337428259075
7,INTERMEDIATE,9,29.0,1.0,201.0,0.9907337428259075
7,INTERMEDIATE,10,29.0,1.0,201.0,0.9907337428259075
7,INTERMEDIATE,11,29.0,1.0,201.0,0.9907337428259075
7,INTERMEDIATE,12,29.0,1.0,201.0,0.9907337428259075
7,INTERMEDIATE,13,29.0,1.0,201.0,0.9907337428259075
7,INTERMEDIATE,14,29.0,1.0,201.0,0.9907337428259075
7,COMPLETED,14,29.0,1.0,201.0,0.9907337428259075
8,INTERMEDIATE,0,10.0,0.786045887273584,193.0,0.9901861338042243
8,INTERMEDIATE,1,10.0,0.786045887273584,193.0,0.9901861338042243
8,INTERMEDIATE,2,10.0,0.786045887273584,193.0,0.9901861338042243
8,INTERMEDIATE,3,10.0,0.786045887273584,193.0,0.9901861338042243
8,INTERMEDIATE,4,10.0,0.786045887273584,193.0,0.9901861338042243
8,INTERMEDIATE,5,10.0,0.786045887273584,193.0,0.9901861338042243
8,INTERMEDIATE,6,10.0,0.786045887273584,193.0,0.9901861338042243
8,INTERMEDIATE,7,10.0,0.786045887273584,193.0,0.9901861338042243
8,INTERMEDIATE,8,10.0,0.786045887273584,193.0,0.9901861338042243
8,INTERMEDIATE,9,10.0,0.786045887273584,193.0,0.9901861338042243
8,INTERMEDIATE,10,10.0,0.786045887273584,193.0,0.9901861338042243
8,INTERMEDIATE,11,10.0,0.786045887273584,193.0,0.9901861338042243
8,INTERMEDIATE,12,10.0,0.786045887273584,193.0,0.9901861338042243
8,INTERMEDIATE,13,10.0,0.786045887273584,193.0,0.9901861338042243
8,INTERMEDIATE,14,10.0,0.786045887273584,193.0,0.9901861338042243
8,COMPLETED,14,10.0,0.786045887273584,193.0,0.9901861338042243
9,INTERMEDIATE,0,11.0,0.01,211.0,0.9740146115030395
9,INTERMEDIATE,1,11.0,0.01,211.0,0.9740146115030395
9,INTERMEDIATE,2,11.0,0.01,211.0,0.9740146115030395
9,INTERMEDIATE,3,11.0,0.01,211.0,0.9740146115030395
9,INTERMEDIATE,4,11.0,0.01,211.0,0.9740146115030395
9,INTERMEDIATE,5,11.0,0.01,211.0,0.9740146115030395
9,INTERMEDIATE,6,11.0,0.01,211.0,0.9740146115030395
9,INTERMEDIATE,7,11.0,0.01,211.0,0.9740146115030395
9,INTERMEDIATE,8,11.0,0.01,211.0,0.9740146115030395
9,INTERMEDIATE,9,11.0,0.01,211.0,0.9740146115030395
9,INTERMEDIATE,10,11.0,0.01,211.0,0.9740146115030395
9,INTERMEDIATE,11,11.0,0.01,211.0,0.9740146115030395
9,INTERMEDIATE,12,11.0,0.01,211.0,0.9740146115030395
9,INTERMEDIATE,13,11.0,0.01,211.0,0.9740146115030395
9,INTERMEDIATE,14,11.0,0.01,211.0,0.9740146115030395
9,COMPLETED,14,11.0,0.01,211.0,0.9740146115030395
10,INTERMEDIATE,0,12.0,1.0,183.0,0.9903439066360569
10,INTERMEDIATE,1,12.0,1.0,183.0,0.9903439066360569
10,INTERMEDIATE,2,12.0,1.0,183.0,0.9903439066360569
10,INTERMEDIATE,3,12.0,1.0,183.0,0.9903439066360569
10,INTERMEDIATE,4,12.0,1.0,183.0,0.9903439066360569
10,INTERMEDIATE,5,12.0,1.0,183.0,0.9903439066360569
10,INTERMEDIATE,6,12.0,1.0,183.0,0.9903439066360569
10,INTERMEDIATE,7,12.0,1.0,183.0,0.9903439066360569
10,INTERMEDIATE,8,12.0,1.0,183.0,0.9903439066360569
10,INTERMEDIATE,9,12.0,1.0,183.0,0.9903439066360569
10,INTERMEDIATE,10,12.0,1.0,183.0,0.9903439066360569
10,INTERMEDIATE,11,12.0,1.0,183.0,0.9903439066360569
10,INTERMEDIATE,12,12.0,1.0,183.0,0.9903439066360569
10,INTERMEDIATE,13,12.0,1.0,183.0,0.9903439066360569
10,INTERMEDIATE,14,12.0,1.0,183.0,0.9903439066360569
10,COMPLETED,14,12.0,1.0,183.0,0.9903439066360569
11,INTERMEDIATE,0,1.0,1.0,185.0,0.9913861054211904
11,INTERMEDIATE,1,1.0,1.0,185.0,0.9913861054211904
11,INTERMEDIATE,2,1.0,1.0,185.0,0.9913861054211904
11,INTERMEDIATE,3,1.0,1.0,185.0,0.9913861054211904
11,INTERMEDIATE,4,1.0,1.0,185.0,0.9913861054211904
11,INTERMEDIATE,5,1.0,1.0,185.0,0.9913861054211904
11,INTERMEDIATE,6,1.0,1.0,185.0,0.9913861054211904
11,INTERMEDIATE,7,1.0,1.0,185.0,0.9913861054211904
11,INTERMEDIATE,8,1.0,1.0,185.0,0.9913861054211904
11,INTERMEDIATE,9,1.0,1.0,185.0,0.9913861054211904
11,INTERMEDIATE,10,1.0,1.0,185.0,0.9913861054211904
11,INTERMEDIATE,11,1.0,1.0,185.0,0.9913861054211904
11,INTERMEDIATE,12,1.0,1.0,185.0,0.9913861054211904
11,INTERMEDIATE,13,1.0,1.0,185.0,0.9913861054211904
11,INTERMEDIATE,14,1.0,1.0,185.0,0.9913861054211904
11,COMPLETED,14,1.0,1.0,185.0,0.9913861054211904
12,INTERMEDIATE,0,110.0,0.0848045414579614,45.0,0.9749198429157873
12,INTERMEDIATE,1,110.0,0.0848045414579614,45.0,0.9749198429157873
12,INTERMEDIATE,2,110.0,0.0848045414579614,45.0,0.9749198429157873
12,INTERMEDIATE,3,110.0,0.0848045414579614,45.0,0.9749198429157873
12,INTERMEDIATE,4,110.0,0.0848045414579614,45.0,0.9749198429157873
12,INTERMEDIATE,5,110.0,0.0848045414579614,45.0,0.9749198429157873
12,INTERMEDIATE,6,110.0,0.0848045414579614,45.0,0.9749198429157873
12,INTERMEDIATE,7,110.0,0.0848045414579614,45.0,0.9749198429157873
12,INTERMEDIATE,8,110.0,0.0848045414579614,45.0,0.9749198429157873
12,INTERMEDIATE,9,110.0,0.0848045414579614,45.0,0.9749198429157873
12,INTERMEDIATE,10,110.0,0.0848045414579614,45.0,0.9749198429157873
12,INTERMEDIATE,11,110.0,0.0848045414579614,45.0,0.9749198429157873
12,INTERMEDIATE,12,110.0,0.0848045414579614,45.0,0.9749198429157873
12,INTERMEDIATE,13,110.0,0.0848045414579614,45.0,0.9749198429157873
12,INTERMEDIATE,14,110.0,0.0848045414579614,45.0,0.9749198429157873
12,COMPLETED,14,110.0,0.0848045414579614,45.0,0.9749198429157873
13,INTERMEDIATE,0,126.0,0.9502478171470167,122.0,0.9829105700337424
13,INTERMEDIATE,1,126.0,0.9502478171470167,122.0,0.9829105700337424
13,INTERMEDIATE,2,126.0,0.9502478171470167,122.0,0.9829105700337424
13,INTERMEDIATE,3,126.0,0.9502478171470167,122.0,0.9829105700337424
13,INTERMEDIATE,4,126.0,0.9502478171470167,122.0,0.9829105700337424
13,INTERMEDIATE,5,126.0,0.9502478171470167,122.0,0.9829105700337424
13,INTERMEDIATE,6,126.0,0.9502478171470167,122.0,0.9829105700337424
13,INTERMEDIATE,7,126.0,0.9502478171470167,122.0,0.9829105700337424
13,INTERMEDIATE,8,126.0,0.9502478171470167,122.0,0.9829105700337424
13,INTERMEDIATE,9,126.0,0.9502478171470167,122.0,0.9829105700337424
13,INTERMEDIATE,10,126.0,0.9502478171470167,122.0,0.9829105700337424
13,INTERMEDIATE,11,126.0,0.9502478171470167,122.0,0.9829105700337424
13,INTERMEDIATE,12,126.0,0.9502478171470167,122.0,0.9829105700337424
13,INTERMEDIATE,13,126.0,0.9502478171470167,122.0,0.9829105700337424
13,INTERMEDIATE,14,126.0,0.9502478171470167,122.0,0.9829105700337424
13,COMPLETED,14,126.0,0.9502478171470167,122.0,0.9829105700337424
14,INTERMEDIATE,0,1.0,1.0,140.0,0.9913861054211904
14,INTERMEDIATE,1,1.0,1.0,140.0,0.9913861054211904
14,INTERMEDIATE,2,1.0,1.0,140.0,0.9913861054211904
14,INTERMEDIATE,3,1.0,1.0,140.0,0.9913861054211904
14,INTERMEDIATE,4,1.0,1.0,140.0,0.9913861054211904
14,INTERMEDIATE,5,1.0,1.0,140.0,0.9913861054211904
14,INTERMEDIATE,6,1.0,1.0,140.0,0.9913861054211904
14,INTERMEDIATE,7,1.0,1.0,140.0,0.9913861054211904
14,INTERMEDIATE,8,1.0,1.0,140.0,0.9913861054211904
14,INTERMEDIATE,9,1.0,1.0,140.0,0.9913861054211904
14,INTERMEDIATE,10,1.0,1.0,140.0,0.9913861054211904
14,INTERMEDIATE,11,1.0,1.0,140.0,0.9913861054211904
14,INTERMEDIATE,12,1.0,1.0,140.0,0.9913861054211904
14,INTERMEDIATE,13,1.0,1.0,140.0,0.9913861054211904
14,INTERMEDIATE,14,1.0,1.0,140.0,0.9913861054211904
14,COMPLETED,14,1.0,1.0,140.0,0.9913861054211904
15,INTERMEDIATE,0,1.0,0.8343411534569447,125.0,0.9915941373224925
15,INTERMEDIATE,1,1.0,0.8343411534569447,125.0,0.9915941373224925
15,INTERMEDIATE,2,1.0,0.8343411534569447,125.0,0.9915941373224925
15,INTERMEDIATE,3,1.0,0.8343411534569447,125.0,0.9915941373224925
15,INTERMEDIATE,4,1.0,0.8343411534569447,125.0,0.9915941373224925
15,INTERMEDIATE,5,1.0,0.8343411534569447,125.0,0.9915941373224925
15,INTERMEDIATE,6,1.0,0.8343411534569447,125.0,0.9915941373224925
15,INTERMEDIATE,7,1.0,0.8343411534569447,125.0,0.9915941373224925
15,INTERMEDIATE,8,1.0,0.8343411534569447,125.0,0.9915941373224925
15,INTERMEDIATE,9,1.0,0.8343411534569447,125.0,0.9915941373224925
15,INTERMEDIATE,10,1.0,0.8343411534569447,125.0,0.9915941373224925
15,INTERMEDIATE,11,1.0,0.8343411534569447,125.0,0.9915941373224925
15,INTERMEDIATE,12,1.0,0.8343411534569447,125.0,0.9915941373224925
15,INTERMEDIATE,13,1.0,0.8343411534569447,125.0,0.9915941373224925
15,INTERMEDIATE,14,1.0,0.8343411534569447,125.0,0.9915941373224925
15,COMPLETED,14,1.0,0.8343411534569447,125.0,0.9915941373224925
16,INTERMEDIATE,0,14.0,0.01,130.0,0.9728464906829235
16,INTERMEDIATE,1,14.0,0.01,130.0,0.9728464906829235
16,INTERMEDIATE,2,14.0,0.01,130.0,0.9728464906829235
16,INTERMEDIATE,3,14.0,0.01,130.0,0.9728464906829235
16,INTERMEDIATE,4,14.0,0.01,130.0,0.9728464906829235
16,INTERMEDIATE,5,14.0,0.01,130.0,0.9728464906829235
16,INTERMEDIATE,6,14.0,0.01,130.0,0.9728464906829235
16,INTERMEDIATE,7,14.0,0.01,130.0,0.9728464906829235
16,INTERMEDIATE,8,14.0,0.01,130.0,0.9728464906829235
16,INTERMEDIATE,9,14.0,0.01,130.0,0.9728464906829235
16,INTERMEDIATE,10,14.0,0.01,130.0,0.9728464906829235
16,INTERMEDIATE,11,14.0,0.01,130.0,0.9728464906829235
16,INTERMEDIATE,12,14.0,0.01,130.0,0.9728464906829235
16,INTERMEDIATE,13,14.0,0.01,130.0,0.9728464906829235
16,INTERMEDIATE,14,14.0,0.01,130.0,0.9728464906829235
16,COMPLETED,14,14.0,0.01,130.0,0.9728464906829235
17,INTERMEDIATE,0,1.0,1.0,151.0,0.9913861054211904
17,INTERMEDIATE,1,1.0,1.0,151.0,0.9913861054211904
17,INTERMEDIATE,2,1.0,1.0,151.0,0.9913861054211904
17,INTERMEDIATE,3,1.0,1.0,151.0,0.9913861054211904
17,INTERMEDIATE,4,1.0,1.0,151.0,0.9913861054211904
17,INTERMEDIATE,5,1.0,1.0,151.0,0.9913861054211904
17,INTERMEDIATE,6,1.0,1.0,151.0,0.9913861054211904
17,INTERMEDIATE,7,1.0,1.0,151.0,0.9913861054211904
17,INTERMEDIATE,8,1.0,1.0,151.0,0.9913861054211904
17,INTERMEDIATE,9,1.0,1.0,151.0,0.9913861054211904
17,INTERMEDIATE,10,1.0,1.0,151.0,0.9913861054211904
17,INTERMEDIATE,11,1.0,1.0,151.0,0.9913861054211904
17,INTERMEDIATE,12,1.0,1.0,151.0,0.9913861054211904
17,INTERMEDIATE,13,1.0,1.0,151.0,0.9913861054211904
17,INTERMEDIATE,14,1.0,1.0,151.0,0.9913861054211904
17,COMPLETED,14,1.0,1.0,151.0,0.9913861054211904
18,INTERMEDIATE,0,1.0,1.0,109.0,0.9913861054211904
18,INTERMEDIATE,1,1.0,1.0,109.0,0.9913861054211904
18,INTERMEDIATE,2,1.0,1.0,109.0,0.9913861054211904
18,INTERMEDIATE,3,1.0,1.0,109.0,0.9913861054211904
18,INTERMEDIATE,4,1.0,1.0,109.0,0.9913861054211904
18,INTERMEDIATE,5,1.0,1.0,109.0,0.9913861054211904
18,INTERMEDIATE,6,1.0,1.0,109.0,0.9913861054211904
18,INTERMEDIATE,7,1.0,1.0,109.0,0.9913861054211904
18,INTERMEDIATE,8,1.0,1.0,109.0,0.9913861054211904
18,INTERMEDIATE,9,1.0,1.0,109.0,0.9913861054211904
18,INTERMEDIATE,10,1.0,1.0,109.0,0.9913861054211904
18,INTERMEDIATE,11,1.0,1.0,109.0,0.9913861054211904
18,INTERMEDIATE,12,1.0,1.0,109.0,0.9913861054211904
18,INTERMEDIATE,13,1.0,1.0,109.0,0.9913861054211904
18,INTERMEDIATE,14,1.0,1.0,109.0,0.9913861054211904
18,COMPLETED,14,1.0,1.0,109.0,0.9913861054211904
19,INTERMEDIATE,0,1.0,1.0,68.0,0.9913861054211904
19,INTERMEDIATE,1,1.0,1.0,68.0,0.9913861054211904
19,INTERMEDIATE,2,1.0,1.0,68.0,0.9913861054211904
19,INTERMEDIATE,3,1.0,1.0,68.0,0.9913861054211904
19,INTERMEDIATE,4,1.0,1.0,68.0,0.9913861054211904
19,INTERMEDIATE,5,1.0,1.0,68.0,0.9913861054211904
19,INTERMEDIATE,6,1.0,1.0,68.0,0.9913861054211904
19,INTERMEDIATE,7,1.0,1.0,68.0,0.9913861054211904
19,INTERMEDIATE,8,1.0,1.0,68.0,0.9913861054211904
19,INTERMEDIATE,9,1.0,1.0,68.0,0.9913861054211904
19,INTERMEDIATE,10,1.0,1.0,68.0,0.9913861054211904
19,INTERMEDIATE,11,1.0,1.0,68.0,0.9913861054211904
19,INTERMEDIATE,12,1.0,1.0,68.0,0.9913861054211904
19,INTERMEDIATE,13,1.0,1.0,68.0,0.9913861054211904
19,INTERMEDIATE,14,1.0,1.0,68.0,0.9913861054211904
19,COMPLETED,14,1.0,1.0,68.0,0.9913861054211904
20,INTERMEDIATE,0,1.0,1.0,44.0,0.9913861054211904
20,INTERMEDIATE,1,1.0,1.0,44.0,0.9913861054211904
20,INTERMEDIATE,2,1.0,1.0,44.0,0.9913861054211904
20,INTERMEDIATE,3,1.0,1.0,44.0,0.9913861054211904
20,INTERMEDIATE,4,1.0,1.0,44.0,0.9913861054211904
20,INTERMEDIATE,5,1.0,1.0,44.0,0.9913861054211904
20,INTERMEDIATE,6,1.0,1.0,44.0,0.9913861054211904
20,INTERMEDIATE,7,1.0,1.0,44.0,0.9913861054211904
20,INTERMEDIATE,8,1.0,1.0,44.0,0.9913861054211904
20,INTERMEDIATE,9,1.0,1.0,44.0,0.9913861054211904
20,INTERMEDIATE,10,1.0,1.0,44.0,0.9913861054211904
20,INTERMEDIATE,11,1.0,1.0,44.0,0.9913861054211904
20,INTERMEDIATE,12,1.0,1.0,44.0,0.9913861054211904
20,INTERMEDIATE,13,1.0,1.0,44.0,0.9913861054211904
20,INTERMEDIATE,14,1.0,1.0,44.0,0.9913861054211904
20,COMPLETED,14,1.0,1.0,44.0,0.9913861054211904
21,INTERMEDIATE,0,23.0,1.0,54.0,0.9915162934533314
21,INTERMEDIATE,1,23.0,1.0,54.0,0.9915162934533314
21,INTERMEDIATE,2,23.0,1.0,54.0,0.9915162934533314
21,INTERMEDIATE,3,23.0,1.0,54.0,0.9915162934533314
21,INTERMEDIATE,4,23.0,1.0,54.0,0.9915162934533314
21,INTERMEDIATE,5,23.0,1.0,54.0,0.9915162934533314
21,INTERMEDIATE,6,23.0,1.0,54.0,0.9915162934533314
21,INTERMEDIATE,7,23.0,1.0,54.0,0.9915162934533314
21,INTERMEDIATE,8,23.0,1.0,54.0,0.9915162934533314
21,INTERMEDIATE,9,23.0,1.0,54.0,0.9915162934533314
21,INTERMEDIATE,10,23.0,1.0,54.0,0.9915162934533314
21,INTERMEDIATE,11,23.0,1.0,54.0,0.9915162934533314
21,INTERMEDIATE,12,23.0,1.0,54.0,0.9915162934533314
21,INTERMEDIATE,13,23.0,1.0,54.0,0.9915162934533314
21,INTERMEDIATE,14,23.0,1.0,54.0,0.9915162934533314
21,COMPLETED,14,23.0,1.0,54.0,0.9915162934533314
22,INTERMEDIATE,0,23.0,0.01,26.0,0.9706143701567959
22,INTERMEDIATE,1,23.0,0.01,26.0,0.9706143701567959
22,INTERMEDIATE,2,23.0,0.01,26.0,0.9706143701567959
22,INTERMEDIATE,3,23.0,0.01,26.0,0.9706143701567959
22,INTERMEDIATE,4,23.0,0.01,26.0,0.9706143701567959
22,INTERMEDIATE,5,23.0,0.01,26.0,0.9706143701567959
22,INTERMEDIATE,6,23.0,0.01,26.0,0.9706143701567959
22,INTERMEDIATE,7,23.0,0.01,26.0,0.9706143701567959
22,INTERMEDIATE,8,23.0,0.01,26.0,0.9706143701567959
22,INTERMEDIATE,9,23.0,0.01,26.0,0.9706143701567959
22,INTERMEDIATE,10,23.0,0.01,26.0,0.9706143701567959
22,INTERMEDIATE,11,23.0,0.01,26.0,0.9706143701567959
22,INTERMEDIATE,12,23.0,0.01,26.0,0.9706143701567959
22,INTERMEDIATE,13,23.0,0.01,26.0,0.9706143701567959
22,INTERMEDIATE,14,23.0,0.01,26.0,0.9706143701567959
22,COMPLETED,14,23.0,0.01,26.0,0.9706143701567959
23,INTERMEDIATE,0,10.0,1.0,57.0,0.990891113275979
23,INTERMEDIATE,1,10.0,1.0,57.0,0.990891113275979
23,INTERMEDIATE,2,10.0,1.0,57.0,0.990891113275979
23,INTERMEDIATE,3,10.0,1.0,57.0,0.990891113275979
23,INTERMEDIATE,4,10.0,1.0,57.0,0.990891113275979
23,INTERMEDIATE,5,10.0,1.0,57.0,0.990891113275979
23,INTERMEDIATE,6,10.0,1.0,57.0,0.990891113275979
23,INTERMEDIATE,7,10.0,1.0,57.0,0.990891113275979
23,INTERMEDIATE,8,10.0,1.0,57.0,0.990891113275979
23,INTERMEDIATE,9,10.0,1.0,57.0,0.990891113275979
23,INTERMEDIATE,10,10.0,1.0,57.0,0.990891113275979
23,INTERMEDIATE,11,10.0,1.0,57.0,0.990891113275979
23,INTERMEDIATE,12,10.0,1.0,57.0,0.990891113275979
23,INTERMEDIATE,13,10.0,1.0,57.0,0.990891113275979
23,INTERMEDIATE,14,10.0,1.0,57.0,0.990891113275979
23,COMPLETED,14,10.0,1.0,57.0,0.990891113275979
24,INTERMEDIATE,0,32.0,1.0,70.0,0.9904775684656836
24,INTERMEDIATE,1,32.0,1.0,70.0,0.9904775684656836
24,INTERMEDIATE,2,32.0,1.0,70.0,0.9904775684656836
24,INTERMEDIATE,3,32.0,1.0,70.0,0.9904775684656836
24,INTERMEDIATE,4,32.0,1.0,70.0,0.9904775684656836
24,INTERMEDIATE,5,32.0,1.0,70.0,0.9904775684656836
24,INTERMEDIATE,6,32.0,1.0,70.0,0.9904775684656836
24,INTERMEDIATE,7,32.0,1.0,70.0,0.9904775684656836
24,INTERMEDIATE,8,32.0,1.0,70.0,0.9904775684656836
24,INTERMEDIATE,9,32.0,1.0,70.0,0.9904775684656836
24,INTERMEDIATE,10,32.0,1.0,70.0,0.9904775684656836
24,INTERMEDIATE,11,32.0,1.0,70.0,0.9904775684656836
24,INTERMEDIATE,12,32.0,1.0,70.0,0.9904775684656836
24,INTERMEDIATE,13,32.0,1.0,70.0,0.9904775684656836
24,INTERMEDIATE,14,32.0,1.0,70.0,0.9904775684656836
24,COMPLETED,14,32.0,1.0,70.0,0.9904775684656836
25,INTERMEDIATE,0,111.0,1.0,250.0,0.9847466641499513
25,INTERMEDIATE,1,111.0,1.0,250.0,0.9847466641499513
25,INTERMEDIATE,2,111.0,1.0,250.0,0.9847466641499513
25,INTERMEDIATE,3,111.0,1.0,250.0,0.9847466641499513
25,INTERMEDIATE,4,111.0,1.0,250.0,0.9847466641499513
25,INTERMEDIATE,5,111.0,1.0,250.0,0.9847466641499513
25,INTERMEDIATE,6,111.0,1.0,250.0,0.9847466641499513
25,INTERMEDIATE,7,111.0,1.0,250.0,0.9847466641499513
25,INTERMEDIATE,8,111.0,1.0,250.0,0.9847466641499513
25,INTERMEDIATE,9,111.0,1.0,250.0,0.9847466641499513
25,INTERMEDIATE,10,111.0,1.0,250.0,0.9847466641499513
25,INTERMEDIATE,11,111.0,1.0,250.0,0.9847466641499513
25,INTERMEDIATE,12,111.0,1.0,250.0,0.9847466641499513
25,INTERMEDIATE,13,111.0,1.0,250.0,0.9847466641499513
25,INTERMEDIATE,14,111.0,1.0,250.0,0.9847466641499513
25,COMPLETED,14,111.0,1.0,250.0,0.9847466641499513
26,INTERMEDIATE,0,1.0,1.0,88.0,0.9913861054211904
26,INTERMEDIATE,1,1.0,1.0,88.0,0.9913861054211904
26,INTERMEDIATE,2,1.0,1.0,88.0,0.9913861054211904
26,INTERMEDIATE,3,1.0,1.0,88.0,0.9913861054211904
26,INTERMEDIATE,4,1.0,1.0,88.0,0.9913861054211904
26,INTERMEDIATE,5,1.0,1.0,88.0,0.9913861054211904
26,INTERMEDIATE,6,1.0,1.0,88.0,0.9913861054211904
26,INTERMEDIATE,7,1.0,1.0,88.0,0.9913861054211904
26,INTERMEDIATE,8,1.0,1.0,88.0,0.9913861054211904
26,INTERMEDIATE,9,1.0,1.0,88.0,0.9913861054211904
26,INTERMEDIATE,10,1.0,1.0,88.0,0.9913861054211904
26,INTERMEDIATE,11,1.0,1.0,88.0,0.9913861054211904
26,INTERMEDIATE,12,1.0,1.0,88.0,0.9913861054211904
26,INTERMEDIATE,13,1.0,1.0,88.0,0.9913861054211904
26,INTERMEDIATE,14,1.0,1.0,88.0,0.9913861054211904
26,COMPLETED,14,1.0,1.0,88.0,0.9913861054211904
27,INTERMEDIATE,0,180.0,1.0,10.0,0.9787757440570263
27,INTERMEDIATE,1,180.0,1.0,10.0,0.9787757440570263
27,INTERMEDIATE,2,180.0,1.0,10.0,0.9787757440570263
27,INTERMEDIATE,3,180.0,1.0,10.0,0.9787757440570263
27,INTERMEDIATE,4,180.0,1.0,10.0,0.9787757440570263
27,INTERMEDIATE,5,180.0,1.0,10.0,0.9787757440570263
27,INTERMEDIATE,6,180.0,1.0,10.0,0.9787757440570263
27,INTERMEDIATE,7,180.0,1.0,10.0,0.9787757440570263
27,INTERMEDIATE,8,180.0,1.0,10.0,0.9787757440570263
27,INTERMEDIATE,9,180.0,1.0,10.0,0.9787757440570263
27,INTERMEDIATE,10,180.0,1.0,10.0,0.9787757440570263
27,INTERMEDIATE,11,180.0,1.0,10.0,0.9787757440570263
27,INTERMEDIATE,12,180.0,1.0,10.0,0.9787757440570263
27,INTERMEDIATE,13,180.0,1.0,10.0,0.9787757440570263
27,INTERMEDIATE,14,180.0,1.0,10.0,0.9787757440570263
27,COMPLETED,14,180.0,1.0,10.0,0.9787757440570263
28,INTERMEDIATE,0,180.0,0.01,98.0,0.9559638270367303
28,INTERMEDIATE,1,180.0,0.01,98.0,0.9559638270367303
28,INTERMEDIATE,2,180.0,0.01,98.0,0.9559638270367303
28,INTERMEDIATE,3,180.0,0.01,98.0,0.9559638270367303
28,INTERMEDIATE,4,180.0,0.01,98.0,0.9559638270367303
28,INTERMEDIATE,5,180.0,0.01,98.0,0.9559638270367303
28,INTERMEDIATE,6,180.0,0.01,98.0,0.9559638270367303
28,INTERMEDIATE,7,180.0,0.01,98.0,0.9559638270367303
28,INTERMEDIATE,8,180.0,0.01,98.0,0.9559638270367303
28,INTERMEDIATE,9,180.0,0.01,98.0,0.9559638270367303
28,INTERMEDIATE,10,180.0,0.01,98.0,0.9559638270367303
28,INTERMEDIATE,11,180.0,0.01,98.0,0.9559638270367303
28,INTERMEDIATE,12,180.0,0.01,98.0,0.9559638270367303
28,INTERMEDIATE,13,180.0,0.01,98.0,0.9559638270367303
28,INTERMEDIATE,14,180.0,0.01,98.0,0.9559638270367303
28,COMPLETED,14,180.0,0.01,98.0,0.9559638270367303
29,INTERMEDIATE,0,180.0,1.0,250.0,0.9793222321627472
29,INTERMEDIATE,1,180.0,1.0,250.0,0.9793222321627472
29,INTERMEDIATE,2,180.0,1.0,250.0,0.9793222321627472
29,INTERMEDIATE,3,180.0,1.0,250.0,0.9793222321627472
29,INTERMEDIATE,4,180.0,1.0,250.0,0.9793222321627472
29,INTERMEDIATE,5,180.0,1.0,250.0,0.9793222321627472
29,INTERMEDIATE,6,180.0,1.0,250.0,0.9793222321627472
29,INTERMEDIATE,7,180.0,1.0,250.0,0.9793222321627472
29,INTERMEDIATE,8,180.0,1.0,250.0,0.9793222321627472
29,INTERMEDIATE,9,180.0,1.0,250.0,0.9793222321627472
29,INTERMEDIATE,10,180.0,1.0,250.0,0.9793222321627472
29,INTERMEDIATE,11,180.0,1.0,250.0,0.9793222321627472
29,INTERMEDIATE,12,180.0,1.0,250.0,0.9793222321627472
29,INTERMEDIATE,13,180.0,1.0,250.0,0.9793222321627472
29,INTERMEDIATE,14,180.0,1.0,250.0,0.9793222321627472
29,COMPLETED,14,180.0,1.0,250.0,0.9793222321627472
30,INTERMEDIATE,0,120.0,1.0,200.0,0.9835292004521119
30,INTERMEDIATE,1,120.0,1.0,200.0,0.9835292004521119
30,INTERMEDIATE,2,120.0,1.0,200.0,0.9835292004521119
30,INTERMEDIATE,3,120.0,1.0,200.0,0.9835292004521119
30,INTERMEDIATE,4,120.0,1.0,200.0,0.9835292004521119
30,INTERMEDIATE,5,120.0,1.0,200.0,0.9835292004521119
30,INTERMEDIATE,6,120.0,1.0,200.0,0.9835292004521119
30,INTERMEDIATE,7,120.0,1.0,200.0,0.9835292004521119
30,INTERMEDIATE,8,120.0,1.0,200.0,0.9835292004521119
30,INTERMEDIATE,9,120.0,1.0,200.0,0.9835292004521119
30,INTERMEDIATE,10,120.0,1.0,200.0,0.9835292004521119
30,INTERMEDIATE,11,120.0,1.0,200.0,0.9835292004521119
30,INTERMEDIATE,12,120.0,1.0,200.0,0.9835292004521119
30,INTERMEDIATE,13,120.0,1.0,200.0,0.9835292004521119
30,INTERMEDIATE,14,120.0,1.0,200.0,0.9835292004521119
30,COMPLETED,14,120.0,1.0,200.0,0.9835292004521119
31,INTERMEDIATE,0,57.0,1.0,62.0,0.987581404539387
31,INTERMEDIATE,1,57.0,1.0,62.0,0.987581404539387
31,INTERMEDIATE,2,57.0,1.0,62.0,0.987581404539387
31,INTERMEDIATE,3,57.0,1.0,62.0,0.987581404539387
31,INTERMEDIATE,4,57.0,1.0,62.0,0.987581404539387
31,INTERMEDIATE,5,57.0,1.0,62.0,0.987581404539387
31,INTERMEDIATE,6,57.0,1.0,62.0,0.987581404539387
31,INTERMEDIATE,7,57.0,1.0,62.0,0.987581404539387
31,INTERMEDIATE,8,57.0,1.0,62.0,0.987581404539387
31,INTERMEDIATE,9,57.0,1.0,62.0,0.987581404539387
31,INTERMEDIATE,10,57.0,1.0,62.0,0.987581404539387
31,INTERMEDIATE,11,57.0,1.0,62.0,0.987581404539387
31,INTERMEDIATE,12,57.0,1.0,62.0,0.987581404539387
31,INTERMEDIATE,13,57.0,1.0,62.0,0.987581404539387
31,INTERMEDIATE,14,57.0,1.0,62.0,0.987581404539387
31,COMPLETED,14,57.0,1.0,62.0,0.987581404539387
32,INTERMEDIATE,0,72.0,1.0,250.0,0.9869855354271715
32,INTERMEDIATE,1,72.0,1.0,250.0,0.9869855354271715
32,INTERMEDIATE,2,72.0,1.0,250.0,0.9869855354271715
32,INTERMEDIATE,3,72.0,1.0,250.0,0.9869855354271715
32,INTERMEDIATE,4,72.0,1.0,250.0,0.9869855354271715
32,INTERMEDIATE,5,72.0,1.0,250.0,0.9869855354271715
32,INTERMEDIATE,6,72.0,1.0,250.0,0.9869855354271715
32,INTERMEDIATE,7,72.0,1.0,250.0,0.9869855354271715
32,INTERMEDIATE,8,72.0,1.0,250.0,0.9869855354271715
32,INTERMEDIATE,9,72.0,1.0,250.0,0.9869855354271715
32,INTERMEDIATE,10,72.0,1.0,250.0,0.9869855354271715
32,INTERMEDIATE,11,72.0,1.0,250.0,0.9869855354271715
32,INTERMEDIATE,12,72.0,1.0,250.0,0.9869855354271715
32,INTERMEDIATE,13,72.0,1.0,250.0,0.9869855354271715
32,INTERMEDIATE,14,72.0,1.0,250.0,0.9869855354271715
32,COMPLETED,14,72.0,1.0,250.0,0.9869855354271715
33,INTERMEDIATE,0,84.0,1.0,221.0,0.9863713896811874
33,INTERMEDIATE,1,84.0,1.0,221.0,0.9863713896811874
33,INTERMEDIATE,2,84.0,1.0,221.0,0.9863713896811874
33,INTERMEDIATE,3,84.0,1.0,221.0,0.9863713896811874
33,INTERMEDIATE,4,84.0,1.0,221.0,0.9863713896811874
33,INTERMEDIATE,5,84.0,1.0,221.0,0.9863713896811874
33,INTERMEDIATE,6,84.0,1.0,221.0,0.9863713896811874
33,INTERMEDIATE,7,84.0,1.0,221.0,0.9863713896811874
33,INTERMEDIATE,8,84.0,1.0,221.0,0.9863713896811874
33,INTERMEDIATE,9,84.0,1.0,221.0,0.9863713896811874
33,INTERMEDIATE,10,84.0,1.0,221.0,0.9863713896811874
33,INTERMEDIATE,11,84.0,1.0,221.0,0.9863713896811874
33,INTERMEDIATE,12,84.0,1.0,221.0,0.9863713896811874
33,INTERMEDIATE,13,84.0,1.0,221.0,0.9863713896811874
33,INTERMEDIATE,14,84.0,1.0,221.0,0.9863713896811874
33,COMPLETED,14,84.0,1.0,221.0,0.9863713896811874
34,INTERMEDIATE,0,135.0,0.01,162.0,0.9575271250024292
34,INTERMEDIATE,1,135.0,0.01,162.0,0.9575271250024292
34,INTERMEDIATE,2,135.0,0.01,162.0,0.9575271250024292
34,INTERMEDIATE,3,135.0,0.01,162.0,0.9575271250024292
34,INTERMEDIATE,4,135.0,0.01,162.0,0.9575271250024292
34,INTERMEDIATE,5,135.0,0.01,162.0,0.9575271250024292
34,INTERMEDIATE,6,135.0,0.01,162.0,0.9575271250024292
34,INTERMEDIATE,7,135.0,0.01,162.0,0.9575271250024292
34,INTERMEDIATE,8,135.0,0.01,162.0,0.9575271250024292
34,INTERMEDIATE,9,135.0,0.01,162.0,0.9575271250024292
34,INTERMEDIATE,10,135.0,0.01,162.0,0.9575271250024292
34,INTERMEDIATE,11,135.0,0.01,162.0,0.9575271250024292
34,INTERMEDIATE,12,135.0,0.01,162.0,0.9575271250024292
34,INTERMEDIATE,13,135.0,0.01,162.0,0.9575271250024292
34,INTERMEDIATE,14,135.0,0.01,162.0,0.9575271250024292
34,COMPLETED,14,135.0,0.01,162.0,0.9575271250024292
35,INTERMEDIATE,0,137.0,1.0,227.0,0.9821528499506958
35,INTERMEDIATE,1,137.0,1.0,227.0,0.9821528499506958
35,INTERMEDIATE,2,137.0,1.0,227.0,0.9821528499506958
35,INTERMEDIATE,3,137.0,1.0,227.0,0.9821528499506958
35,INTERMEDIATE,4,137.0,1.0,227.0,0.9821528499506958
35,INTERMEDIATE,5,137.0,1.0,227.0,0.9821528499506958
35,INTERMEDIATE,6,137.0,1.0,227.0,0.9821528499506958
35,INTERMEDIATE,7,137.0,1.0,227.0,0.9821528499506958
35,INTERMEDIATE,8,137.0,1.0,227.0,0.9821528499506958
35,INTERMEDIATE,9,137.0,1.0,227.0,0.9821528499506958
35,INTERMEDIATE,10,137.0,1.0,227.0,0.9821528499506958
35,INTERMEDIATE,11,137.0,1.0,227.0,0.9821528499506958
35,INTERMEDIATE,12,137.0,1.0,227.0,0.9821528499506958
35,INTERMEDIATE,13,137.0,1.0,227.0,0.9821528499506958
35,INTERMEDIATE,14,137.0,1.0,227.0,0.9821528499506958
35,COMPLETED,14,137.0,1.0,227.0,0.9821528499506958
36,INTERMEDIATE,0,34.0,0.01,59.0,0.9660606366363104
36,INTERMEDIATE,1,34.0,0.01,59.0,0.9660606366363104
36,INTERMEDIATE,2,34.0,0.01,59.0,0.9660606366363104
36,INTERMEDIATE,3,34.0,0.01,59.0,0.9660606366363104
36,INTERMEDIATE,4,34.0,0.01,59.0,0.9660606366363104
36,INTERMEDIATE,5,34.0,0.01,59.0,0.9660606366363104
36,INTERMEDIATE,6,34.0,0.01,59.0,0.9660606366363104
36,INTERMEDIATE,7,34.0,0.01,59.0,0.9660606366363104
36,INTERMEDIATE,8,34.0,0.01,59.0,0.9660606366363104
36,INTERMEDIATE,9,34.0,0.01,59.0,0.9660606366363104
36,INTERMEDIATE,10,34.0,0.01,59.0,0.9660606366363104
36,INTERMEDIATE,11,34.0,0.01,59.0,0.9660606366363104
36,INTERMEDIATE,12,34.0,0.01,59.0,0.9660606366363104
36,INTERMEDIATE,13,34.0,0.01,59.0,0.9660606366363104
36,INTERMEDIATE,14,34.0,0.01,59.0,0.9660606366363104
36,COMPLETED,14,34.0,0.01,59.0,0.9660606366363104
37,INTERMEDIATE,0,17.0,1.0,52.0,0.9909454248891192
37,INTERMEDIATE,1,17.0,1.0,52.0,0.9909454248891192
37,INTERMEDIATE,2,17.0,1.0,52.0,0.9909454248891192
37,INTERMEDIATE,3,17.0,1.0,52.0,0.9909454248891192
37,INTERMEDIATE,4,17.0,1.0,52.0,0.9909454248891192
37,INTERMEDIATE,5,17.0,1.0,52.0,0.9909454248891192
37,INTERMEDIATE,6,17.0,1.0,52.0,0.9909454248891192
37,INTERMEDIATE,7,17.0,1.0,52.0,0.9909454248891192
37,INTERMEDIATE,8,17.0,1.0,52.0,0.9909454248891192
37,INTERMEDIATE,9,17.0,1.0,52.0,0.9909454248891192
37,INTERMEDIATE,10,17.0,1.0,52.0,0.9909454248891192
37,INTERMEDIATE,11,17.0,1.0,52.0,0.9909454248891192
37,INTERMEDIATE,12,17.0,1.0,52.0,0.9909454248891192
37,INTERMEDIATE,13,17.0,1.0,52.0,0.9909454248891192
37,INTERMEDIATE,14,17.0,1.0,52.0,0.9909454248891192
37,COMPLETED,14,17.0,1.0,52.0,0.9909454248891192
38,INTERMEDIATE,0,28.0,1.0,75.0,0.9909264576504765
38,INTERMEDIATE,1,28.0,1.0,75.0,0.9909264576504765
38,INTERMEDIATE,2,28.0,1.0,75.0,0.9909264576504765
38,INTERMEDIATE,3,28.0,1.0,75.0,0.9909264576504765
38,INTERMEDIATE,4,28.0,1.0,75.0,0.9909264576504765
38,INTERMEDIATE,5,28.0,1.0,75.0,0.9909264576504765
38,INTERMEDIATE,6,28.0,1.0,75.0,0.9909264576504765
38,INTERMEDIATE,7,28.0,1.0,75.0,0.9909264576504765
38,INTERMEDIATE,8,28.0,1.0,75.0,0.9909264576504765
38,INTERMEDIATE,9,28.0,1.0,75.0,0.9909264576504765
38,INTERMEDIATE,10,28.0,1.0,75.0,0.9909264576504765
38,INTERMEDIATE,11,28.0,1.0,75.0,0.9909264576504765
38,INTERMEDIATE,12,28.0,1.0,75.0,0.9909264576504765
38,INTERMEDIATE,13,28.0,1.0,75.0,0.9909264576504765
38,INTERMEDIATE,14,28.0,1.0,75.0,0.9909264576504765
38,COMPLETED,14,28.0,1.0,75.0,0.9909264576504765
39,INTERMEDIATE,0,18.0,1.0,62.0,0.9916444858783823
39,INTERMEDIATE,1,18.0,1.0,62.0,0.9916444858783823
39,INTERMEDIATE,2,18.0,1.0,62.0,0.9916444858783823
39,INTERMEDIATE,3,18.0,1.0,62.0,0.9916444858783823
39,INTERMEDIATE,4,18.0,1.0,62.0,0.9916444858783823
39,INTERMEDIATE,5,18.0,1.0,62.0,0.9916444858783823
39,INTERMEDIATE,6,18.0,1.0,62.0,0.9916444858783823
39,INTERMEDIATE,7,18.0,1.0,62.0,0.9916444858783823
39,INTERMEDIATE,8,18.0,1.0,62.0,0.9916444858783823
39,INTERMEDIATE,9,18.0,1.0,62.0,0.9916444858783823
39,INTERMEDIATE,10,18.0,1.0,62.0,0.9916444858783823
39,INTERMEDIATE,11,18.0,1.0,62.0,0.9916444858783823
39,INTERMEDIATE,12,18.0,1.0,62.0,0.9916444858783823
39,INTERMEDIATE,13,18.0,1.0,62.0,0.9916444858783823
39,INTERMEDIATE,14,18.0,1.0,62.0,0.9916444858783823
39,COMPLETED,14,18.0,1.0,62.0,0.9916444858783823
40,INTERMEDIATE,0,6.0,1.0,77.0,0.9899702788678012
40,INTERMEDIATE,1,6.0,1.0,77.0,0.9899702788678012
40,INTERMEDIATE,2,6.0,1.0,77.0,0.9899702788678012
40,INTERMEDIATE,3,6.0,1.0,77.0,0.9899702788678012
40,INTERMEDIATE,4,6.0,1.0,77.0,0.9899702788678012
40,INTERMEDIATE,5,6.0,1.0,77.0,0.9899702788678012
40,INTERMEDIATE,6,6.0,1.0,77.0,0.9899702788678012
40,INTERMEDIATE,7,6.0,1.0,77.0,0.9899702788678012
40,INTERMEDIATE,8,6.0,1.0,77.0,0.9899702788678012
40,INTERMEDIATE,9,6.0,1.0,77.0,0.9899702788678012
40,INTERMEDIATE,10,6.0,1.0,77.0,0.9899702788678012
40,INTERMEDIATE,11,6.0,1.0,77.0,0.9899702788678012
40,INTERMEDIATE,12,6.0,1.0,77.0,0.9899702788678012
40,INTERMEDIATE,13,6.0,1.0,77.0,0.9899702788678012
40,INTERMEDIATE,14,6.0,1.0,77.0,0.9899702788678012
40,COMPLETED,14,6.0,1.0,77.0,0.9899702788678012
41,INTERMEDIATE,0,37.0,1.0,77.0,0.9900089745581896
41,INTERMEDIATE,1,37.0,1.0,77.0,0.9900089745581896
41,INTERMEDIATE,2,37.0,1.0,77.0,0.9900089745581896
41,INTERMEDIATE,3,37.0,1.0,77.0,0.9900089745581896
41,INTERMEDIATE,4,37.0,1.0,77.0,0.9900089745581896
41,INTERMEDIATE,5,37.0,1.0,77.0,0.9900089745581896
41,INTERMEDIATE,6,37.0,1.0,77.0,0.9900089745581896
41,INTERMEDIATE,7,37.0,1.0,77.0,0.9900089745581896
41,INTERMEDIATE,8,37.0,1.0,77.0,0.9900089745581896
41,INTERMEDIATE,9,37.0,1.0,77.0,0.9900089745581896
41,INTERMEDIATE,10,37.0,1.0,77.0,0.9900089745581896
41,INTERMEDIATE,11,37.0,1.0,77.0,0.9900089745581896
41,INTERMEDIATE,12,37.0,1.0,77.0,0.9900089745581896
41,INTERMEDIATE,13,37.0,1.0,77.0,0.9900089745581896
41,INTERMEDIATE,14,37.0,1.0,77.0,0.9900089745581896
41,COMPLETED,14,37.0,1.0,77.0,0.9900089745581896
42,INTERMEDIATE,0,1.0,0.01,98.0,0.9830416753009175
42,INTERMEDIATE,1,1.0,0.01,98.0,0.9830416753009175
42,INTERMEDIATE,2,1.0,0.01,98.0,0.9830416753009175
42,INTERMEDIATE,3,1.0,0.01,98.0,0.9830416753009175
42,INTERMEDIATE,4,1.0,0.01,98.0,0.9830416753009175
42,INTERMEDIATE,5,1.0,0.01,98.0,0.9830416753009175
42,INTERMEDIATE,6,1.0,0.01,98.0,0.9830416753009175
42,INTERMEDIATE,7,1.0,0.01,98.0,0.9830416753009175
42,INTERMEDIATE,8,1.0,0.01,98.0,0.9830416753009175
42,INTERMEDIATE,9,1.0,0.01,98.0,0.9830416753009175
42,INTERMEDIATE,10,1.0,0.01,98.0,0.9830416753009175
42,INTERMEDIATE,11,1.0,0.01,98.0,0.9830416753009175
42,INTERMEDIATE,12,1.0,0.01,98.0,0.9830416753009175
42,INTERMEDIATE,13,1.0,0.01,98.0,0.9830416753009175
42,INTERMEDIATE,14,1.0,0.01,98.0,0.9830416753009175
42,COMPLETED,14,1.0,0.01,98.0,0.9830416753009175
43,INTERMEDIATE,0,1.0,0.01,54.0,0.9830416753009175
43,INTERMEDIATE,1,1.0,0.01,54.0,0.9830416753009175
43,INTERMEDIATE,2,1.0,0.01,54.0,0.9830416753009175
43,INTERMEDIATE,3,1.0,0.01,54.0,0.9830416753009175
43,INTERMEDIATE,4,1.0,0.01,54.0,0.9830416753009175
43,INTERMEDIATE,5,1.0,0.01,54.0,0.9830416753009175
43,INTERMEDIATE,6,1.0,0.01,54.0,0.9830416753009175
43,INTERMEDIATE,7,1.0,0.01,54.0,0.9830416753009175
43,INTERMEDIATE,8,1.0,0.01,54.0,0.9830416753009175
43,INTERMEDIATE,9,1.0,0.01,54.0,0.9830416753009175
43,INTERMEDIATE,10,1.0,0.01,54.0,0.9830416753009175
43,INTERMEDIATE,11,1.0,0.01,54.0,0.9830416753009175
43,INTERMEDIATE,12,1.0,0.01,54.0,0.9830416753009175
43,INTERMEDIATE,13,1.0,0.01,54.0,0.9830416753009175
43,INTERMEDIATE,14,1.0,0.01,54.0,0.9830416753009175
43,COMPLETED,14,1.0,0.01,54.0,0.9830416753009175
44,INTERMEDIATE,0,10.0,1.0,66.0,0.990891113275979
44,INTERMEDIATE,1,10.0,1.0,66.0,0.990891113275979
44,INTERMEDIATE,2,10.0,1.0,66.0,0.990891113275979
44,INTERMEDIATE,3,10.0,1.0,66.0,0.990891113275979
44,INTERMEDIATE,4,10.0,1.0,66.0,0.990891113275979
44,INTERMEDIATE,5,10.0,1.0,66.0,0.990891113275979
44,INTERMEDIATE,6,10.0,1.0,66.0,0.990891113275979
44,INTERMEDIATE,7,10.0,1.0,66.0,0.990891113275979
44,INTERMEDIATE,8,10.0,1.0,66.0,0.990891113275979
44,INTERMEDIATE,9,10.0,1.0,66.0,0.990891113275979
44,INTERMEDIATE,10,10.0,1.0,66.0,0.990891113275979
44,INTERMEDIATE,11,10.0,1.0,66.0,0.990891113275979
44,INTERMEDIATE,12,10.0,1.0,66.0,0.990891113275979
44,INTERMEDIATE,13,10.0,1.0,66.0,0.990891113275979
44,INTERMEDIATE,14,10.0,1.0,66.0,0.990891113275979
44,COMPLETED,14,10.0,1.0,66.0,0.990891113275979
45,INTERMEDIATE,0,1.0,1.0,37.0,0.9913861054211904
45,INTERMEDIATE,1,1.0,1.0,37.0,0.9913861054211904
45,INTERMEDIATE,2,1.0,1.0,37.0,0.9913861054211904
45,INTERMEDIATE,3,1.0,1.0,37.0,0.9913861054211904
45,INTERMEDIATE,4,1.0,1.0,37.0,0.9913861054211904
45,INTERMEDIATE,5,1.0,1.0,37.0,0.9913861054211904
45,INTERMEDIATE,6,1.0,1.0,37.0,0.9913861054211904
45,INTERMEDIATE,7,1.0,1.0,37.0,0.9913861054211904
45,INTERMEDIATE,8,1.0,1.0,37.0,0.9913861054211904
45,INTERMEDIATE,9,1.0,1.0,37.0,0.9913861054211904
45,INTERMEDIATE,10,1.0,1.0,37.0,0.9913861054211904
45,INTERMEDIATE,11,1.0,1.0,37.0,0.9913861054211904
45,INTERMEDIATE,12,1.0,1.0,37.0,0.9913861054211904
45,INTERMEDIATE,13,1.0,1.0,37.0,0.9913861054211904
45,INTERMEDIATE,14,1.0,1.0,37.0,0.9913861054211904
45,COMPLETED,14,1.0,1.0,37.0,0.9913861054211904
46,INTERMEDIATE,0,23.0,1.0,191.0,0.9915162934533314
46,INTERMEDIATE,1,23.0,1.0,191.0,0.9915162934533314
46,INTERMEDIATE,2,23.0,1.0,191.0,0.9915162934533314
46,INTERMEDIATE,3,23.0,1.0,191.0,0.9915162934533314
46,INTERMEDIATE,4,23.0,1.0,191.0,0.9915162934533314
46,INTERMEDIATE,5,23.0,1.0,191.0,0.9915162934533314
46,INTERMEDIATE,6,23.0,1.0,191.0,0.9915162934533314
46,INTERMEDIATE,7,23.0,1.0,191.0,0.9915162934533314
46,INTERMEDIATE,8,23.0,1.0,191.0,0.9915162934533314
46,INTERMEDIATE,9,23.0,1.0,191.0,0.9915162934533314
46,INTERMEDIATE,10,23.0,1.0,191.0,0.9915162934533314
46,INTERMEDIATE,11,23.0,1.0,191.0,0.9915162934533314
46,INTERMEDIATE,12,23.0,1.0,191.0,0.9915162934533314
46,INTERMEDIATE,13,23.0,1.0,191.0,0.9915162934533314
46,INTERMEDIATE,14,23.0,1.0,191.0,0.9915162934533314
46,COMPLETED,14,23.0,1.0,191.0,0.9915162934533314
47,INTERMEDIATE,0,32.0,0.01,194.0,0.9667500456571794
47,INTERMEDIATE,1,32.0,0.01,194.0,0.9667500456571794
47,INTERMEDIATE,2,32.0,0.01,194.0,0.9667500456571794
47,INTERMEDIATE,3,32.0,0.01,194.0,0.9667500456571794
47,INTERMEDIATE,4,32.0,0.01,194.0,0.9667500456571794
47,INTERMEDIATE,5,32.0,0.01,194.0,0.9667500456571794
47,INTERMEDIATE,6,32.0,0.01,194.0,0.9667500456571794
47,INTERMEDIATE,7,32.0,0.01,194.0,0.9667500456571794
47,INTERMEDIATE,8,32.0,0.01,194.0,0.9667500456571794
47,INTERMEDIATE,9,32.0,0.01,194.0,0.9667500456571794
47,INTERMEDIATE,10,32.0,0.01,194.0,0.9667500456571794
47,INTERMEDIATE,11,32.0,0.01,194.0,0.9667500456571794
47,INTERMEDIATE,12,32.0,0.01,194.0,0.9667500456571794
47,INTERMEDIATE,13,32.0,0.01,194.0,0.9667500456571794
47,INTERMEDIATE,14,32.0,0.01,194.0,0.9667500456571794
47,COMPLETED,14,32.0,0.01,194.0,0.9667500456571794
48,INTERMEDIATE,0,18.0,1.0,191.0,0.9916444858783823
48,INTERMEDIATE,1,18.0,1.0,191.0,0.9916444858783823
48,INTERMEDIATE,2,18.0,1.0,191.0,0.9916444858783823
48,INTERMEDIATE,3,18.0,1.0,191.0,0.9916444858783823
48,INTERMEDIATE,4,18.0,1.0,191.0,0.9916444858783823
48,INTERMEDIATE,5,18.0,1.0,191.0,0.9916444858783823
48,INTERMEDIATE,6,18.0,1.0,191.0,0.9916444858783823
48,INTERMEDIATE,7,18.0,1.0,191.0,0.9916444858783823
48,INTERMEDIATE,8,18.0,1.0,191.0,0.9916444858783823
48,INTERMEDIATE,9,18.0,1.0,191.0,0.9916444858783823
48,INTERMEDIATE,10,18.0,1.0,191.0,0.9916444858783823
48,INTERMEDIATE,11,18.0,1.0,191.0,0.9916444858783823
48,INTERMEDIATE,12,18.0,1.0,191.0,0.9916444858783823
48,INTERMEDIATE,13,18.0,1.0,191.0,0.9916444858783823
48,INTERMEDIATE,14,18.0,1.0,191.0,0.9916444858783823
48,COMPLETED,14,18.0,1.0,191.0,0.9916444858783823
49,INTERMEDIATE,0,28.0,1.0,205.0,0.9909264576504765
49,INTERMEDIATE,1,28.0,1.0,205.0,0.9909264576504765
49,INTERMEDIATE,2,28.0,1.0,205.0,0.9909264576504765
49,INTERMEDIATE,3,28.0,1.0,205.0,0.9909264576504765
49,INTERMEDIATE,4,28.0,1.0,205.0,0.9909264576504765
49,INTERMEDIATE,5,28.0,1.0,205.0,0.9909264576504765
49,INTERMEDIATE,6,28.0,1.0,205.0,0.9909264576504765
49,INTERMEDIATE,7,28.0,1.0,205.0,0.9909264576504765
49,INTERMEDIATE,8,28.0,1.0,205.0,0.9909264576504765
49,INTERMEDIATE,9,28.0,1.0,205.0,0.9909264576504765
49,INTERMEDIATE,10,28.0,1.0,205.0,0.9909264576504765
49,INTERMEDIATE,11,28.0,1.0,205.0,0.9909264576504765
49,INTERMEDIATE,12,28.0,1.0,205.0,0.9909264576504765
49,INTERMEDIATE,13,28.0,1.0,205.0,0.9909264576504765
49,INTERMEDIATE,14,28.0,1.0,205.0,0.9909264576504765
49,COMPLETED,14,28.0,1.0,205.0,0.9909264576504765
50,INTERMEDIATE,0,1.0,0.01,82.0,0.9830416753009175
50,INTERMEDIATE,1,1.0,0.01,82.0,0.9830416753009175
50,INTERMEDIATE,2,1.0,0.01,82.0,0.9830416753009175
50,INTERMEDIATE,3,1.0,0.01,82.0,0.9830416753009175
50,INTERMEDIATE,4,1.0,0.01,82.0,0.9830416753009175
50,INTERMEDIATE,5,1.0,0.01,82.0,0.9830416753009175
50,INTERMEDIATE,6,1.0,0.01,82.0,0.9830416753009175
50,INTERMEDIATE,7,1.0,0.01,82.0,0.9830416753009175
50,INTERMEDIATE,8,1.0,0.01,82.0,0.9830416753009175
50,INTERMEDIATE,9,1.0,0.01,82.0,0.9830416753009175
50,INTERMEDIATE,10,1.0,0.01,82.0,0.9830416753009175
50,INTERMEDIATE,11,1.0,0.01,82.0,0.9830416753009175
50,INTERMEDIATE,12,1.0,0.01,82.0,0.9830416753009175
50,INTERMEDIATE,13,1.0,0.01,82.0,0.9830416753009175
50,INTERMEDIATE,14,1.0,0.01,82.0,0.9830416753009175
50,COMPLETED,14,1.0,0.01,82.0,0.9830416753009175
